name,class
asperger综合征,症状
ballance征,症状
hiv感染,症状
一过性尿蛋白,症状
一过性昏厥,症状
一过性红斑狼疮样,症状
一过性肉眼血尿,症状
一过性脑缺血,症状
三尖瓣下移,症状
上吐下泻,症状
上唇变薄,症状
上消化道出血,症状
上肢及面部血管曲张水肿及青紫,症状
上肢无力,症状
上肢水肿,症状
上肢突然出现肿胀酸痛,症状
上腹不适,症状
上腹部包块,症状
上腹部压痛,症状
上腹部疼痛,症状
上腹部肿块及腹胀,症状
下体异味,症状
下肢发凉,症状
下肢感应痛或放射痛的腰背痛,症状
下肢无力,症状
下肢水肿,症状
下肢浅静脉曲张,症状
下肢浮肿,症状
下肢淋巴水肿,症状
下肢肌肉瘫痪,症状
下肺代偿性气肿,症状
下腔静脉血栓形成,症状
下腰部疼痛,症状
下腹局部疼痛,症状
下腹疼痛,症状
下腹痛,症状
下腹绞痛,症状
下腹胀痛,症状
下腹部包块,症状
下腹部压痛,症状
下腹部反跳痛,症状
下腹部持续性疼痛,症状
下蹲困难,症状
不偏向一侧无旋转的眩晕,症状
不典型胸痛,症状
不孕,症状
不完全大便失禁,症状
不完全性肠梗阻,症状
不寐,症状
不射精,症状
不排卵,症状
不明原因发热,症状
不稳定性心绞痛,症状
不自主运动,症状
不规则热,症状
丘疹,症状
丘疹性痤疮,症状
两性畸形,症状
两手颤抖,症状
两眼上视障碍,症状
两眼下视不能,症状
两眼干涩,症状
严重性假肥大型营养不良症,症状
中上腹持续性疼痛,症状
中上腹痛,症状
中度或轻度头痛,症状
中度昏迷,症状
中暑高热,症状
中枢性发热,症状
中枢性呼吸暂停,症状
中枢性耳聋,症状
中毒性巨结肠,症状
丹毒,症状
丹毒样外观,症状
主动脉窦破裂,症状
久不消退的红色皮肤疤,症状
久病亏损,症状
乏力,症状
习惯性便秘,症状
习惯性流产,症状
乳头内陷,症状
乳头样增生变化,症状
乳头溢液,症状
乳头瘙痒,症状
乳头肥大,症状
乳头脱皮,症状
乳房和生殖器萎缩,症状
乳房硬化,症状
乳房红肿热痛,症状
乳房肥大,症状
乳房肿块,症状
乳房胀痛,症状
乳晕深部可扪及肿块,症状
乳汁分泌减少,症状
乳溢一高泌乳素血症,症状
乳痛症,症状
乳糖耐受不良,症状
乳糜尿,症状
乳腺刺痛,症状
乳腺外上象限腺体增厚,症状
乳腺癌的远处转移,症状
乳腺组织肥厚,症状
乳腺胀痛,症状
乳腺隐痛,症状
乳食不化,症状
二尖瓣脱垂,症状
二尖瓣返流,症状
二尖瓣面容,症状
产前征兆,症状
产前抑郁症,症状
产后乳房萎缩,症状
产后便秘,症状
产后便血,症状
产后出血,症状
产后发热,症状
产后发痉,症状
产后大便失禁,症状
产后头痛,症状
产后小便淋痛,症状
产后小便难,症状
产后浮肿,症状
产后眩晕,症状
产后肥胖,症状
产后脱发,症状
产后腰痛,症状
产后腹痛,症状
产后自汗盗汗,症状
产后颈部酸痛,症状
产褥期幻觉妄想状态,症状
产褥期谵妄状态,症状
产褥期躁狂状态,症状
代偿性食欲亢进,症状
代谢性碱中毒,症状
代谢性酸中毒,症状
代谢障碍性呃逆,症状
代谢障碍性肝肿大,症状
以头昏为主的眩晕,症状
仰卧呼吸,症状
休克,症状
会阴溃疡,症状
会阴痒,症状
传导性耳聋,症状
传导阻滞,症状
伤寒面容,症状
伴高血压,症状
伸舌偏斜,症状
伸舌样痴呆,症状
低位腰痛,症状
低蛋白血症,症状
低血压,症状
低血容量休克,症状
低血容量性休克,症状
低血糖性昏迷,症状
低血糖惊厥,症状
低血糖晕厥,症状
低血糖症,症状
低血钾,症状
低钙血症,症状
低钠征,症状
低钠血症,症状
低钾征,症状
低钾血症,症状
低镁征,症状
低镁血症,症状
低颅压综合征,症状
低颅压综合症,症状
体位张力消失,症状
体位性眩晕,症状
体位性震颤,症状
体内水钠潴留,症状
体型异常,症状
体循环淤血,症状
体温调节紊乱,症状
体重减轻,症状
体重增加,症状
余沥不净,症状
侧支循环发育不充,症状
便下恶臭,症状
便失禁,症状
便如柏油,症状
便溏稀伴畏寒肢冷,症状
便溏肠鸣口渴不饮,症状
便潜血,症状
便秘,症状
便秘伴剧烈腹痛,症状
便血,症状
便血且血与粪便混合,症状
便血鲜红,症状
促甲状腺激素偏低,症状
保持睡眠障碍性失眠,症状
倒睫,症状
倦怠肢冷,症状
偏头痛,症状
偏执性妄想,症状
偏瘫,症状
偏盲,症状
偏盲偏身感觉障碍,症状
偏身萎缩,症状
偏身麻木,症状
停止排气,症状
停经并溢乳,症状
健忘,症状
儿童不敢平卧睡觉,症状
儿童偏头痛,症状
儿童偏食,症状
儿童呼吸困难,症状
儿童咯血,症状
儿童头痛,症状
儿童恐怖症,症状
儿童恐怖障碍,症状
儿童期失眠,症状
儿童离别焦虑,症状
儿童联想和情感障碍,症状
儿童胸廓变形,症状
儿童行动迟缓,症状
儿童退缩行为,症状
儿童骨缺损,症状
元气虚弱,症状
元气虚陷,症状
元气衰脱,症状
充溢性尿失禁,症状
充血,症状
充血性脾肿大,症状
先兆子痫,症状
先天性弓形体,症状
先天性骨发育不良,症状
免疫力下降,症状
免疫力降低,症状
免疫性溶血,症状
免疫损害,症状
免疫缺陷,症状
入睡障碍性失眠,症状
全秃,症状
全腹痛,症状
全身弥漫性潮红,症状
全身性血管损害,症状
全身感染中毒症状,症状
全身毛发呈灰白色,症状
全身皮肤充血,症状
全身衰竭,症状
全身过敏反应,症状
全身骨骼肌痉挛,症状
共济失调,症状
关节僵直,症状
关节局部刺痛,症状
关节强直,症状
关节液增加,症状
关节游走性疼痛肿胀,症状
关节畸形,症状
关节疼痛,症状
关节痛,症状
关节积液,症状
关节糜烂,症状
关节肿痛,症状
关节肿胀,症状
关节腔内出血,症状
关节酸痛,症状
关节面不规则硬化,症状
关节韧带松弛或肌张力低,症状
其他症状,症状
内出血,症状
内收型骨折,症状
内斜a征,症状
内斜v征,症状
内湿素盛,症状
内热哺热,症状
内脏性肥胖,症状
冠状动脉痉挛,症状
冬季皮肤瘙痒,症状
冲任寒凝月经后错,症状
冷汗,症状
冻疮,症状
凝血因子功能的障碍,症状
凝血障碍,症状
凝视征,症状
凝视麻痹,症状
出冷汗,症状
出汗异常,症状
出血性丘疹,症状
创伤,症状
创伤性休克,症状
判断力和定向力障碍,症状
刺痛,症状
前列腺分泌物含有许多脓缩细胞,症状
前列腺增生,症状
前列腺痛,症状
前列腺硬结,症状
前列腺素合成减少,症状
前列腺缩小变硬,症状
前列腺肥大,症状
前囟张力增高,症状
前囟饱满,症状
前庭性共济失调,症状
前臂旋转痛,症状
前额头痛,症状
剧烈头痛,症状
剧烈疼痛,症状
剧烈眩晕站立不稳,症状
剧烈运动后哮喘,症状
剧痛,症状
功能性聋,症状
动作样壁,症状
动力性腹泻,症状
动脉出血,症状
动脉条索状变现象,症状
动脉粥样硬化,症状
动脉造影异常,症状
劳力性呼吸困难,症状
劳力性晕厥,症状
劳动耐力下降,症状
包皮粘连,症状
化妆品的毛发损害,症状
午后潮热,症状
半身不遂,症状
半身麻木,症状
单侧乳房疼痛,症状
单侧及假性手足徐动,症状
单侧头痛,症状
单侧肾肿大,症状
单孔乳头溢液,症状
单眼失明,症状
单纯性晕厥,症状
单纯骨折,症状
单腹胀大,症状
博氏线,症状
卧床不起,症状
卵圆窝未闭,症状
卵巢囊肿,症状
卵巢缺如或发育不全,症状
卵石征,症状
压痛,症状
压缩型骨折,症状
厌食,症状
原发性痛经,症状
原发性青光眼,症状
双下肢可凹陷性水肿,症状
双侧肾上腺皮质增生,症状
双眼抽搐,症状
双耳廓发育不全,症状
双耳廓缺损,症状
双肺水泡音,症状
反复上呼吸道感染,症状
反复出血,症状
反复呕血,症状
反复感冒,症状
反复感染,症状
反复抽搐,症状
反复肺不张,症状
反复肺炎,症状
反复高热,症状
反射性呃逆,症状
反射性呕吐,症状
反射性腰痛,症状
反应迟钝,症状
反胃,症状
反酸,症状
发作性咳嗽,症状
发作性眩晕,症状
发炎,症状
发热,症状
发热伴尿频尿急尿痛腰疼,症状
发热伴有皮疹,症状
发热伴眼睛充血,症状
发热性谵妄,症状
发热胸闷,症状
发癫,症状
受凉头疼,症状
口中黏腻,症状
口及咽部烧灼感,症状
口吐血沫,症状
口唇发绀,症状
口唇干燥,症状
口唇泛红,症状
口唇潮红,症状
口唇皲裂,症状
口唇苍白,症状
口唇青紫,症状
口干,症状
口干渴难忍,症状
口渴,症状
口渴引饮,症状
口痛,症状
口眼歪斜,症状
口腔幻触,症状
口腔溃疡,症状
口腔痛,症状
口腔糜烂,症状
口臭,症状
口角歪斜无法说话,症状
口角肌肉的抽搐,症状
口鼻血性分泌物,症状
右上腹压痛,症状
右上腹痛,症状
右下腹可触及柔软腊肠样肿块,症状
右下腹痛,症状
右下腹痛伴呕吐,症状
右室肥厚,症状
右心衰竭,症状
右手臂酸痛,症状
右胁疼痛,症状
右腿酸痛,症状
右腿麻木,症状
右边脸颊长痘,症状
叹息样呼吸,症状
叹气后舒服,症状
后循环缺血,症状
吐泡沫痰,症状
吐血痰,症状
吐血衄血,症状
吐逆滑泄,症状
向心性肥胖,症状
吞咽不利,症状
吞咽困难,症状
吞咽干食物时胸骨后有阻塞感或钝痛,症状
吞咽痛,症状
吞咽障碍,症状
吞酸,症状
吟诗样语言,症状
听力下降,症状
听力减退,症状
听觉疲劳,症状
听觉障碍,症状
吸吮反射阳性,症状
吸气时上气道陷闭,症状
吸气时有蝉鸣音,症状
呃逆,症状
呆滞,症状
呕吐,症状
呕吐咖啡样物,症状
呕血,症状
呕血与黑便,症状
周期性嗜睡强食症,症状
周身出汗,症状
周身炎症反应,症状
呼吸不规则,症状
呼吸减慢而不规则,症状
呼吸功能衰竭,症状
呼吸困难,症状
呼吸异常,症状
呼吸微弱,症状
呼吸急促,症状
呼吸性酸中毒,症状
呼吸抑制,症状
呼吸暂停样现象,症状
呼吸气为酒味,症状
呼吸浅慢,症状
呼吸衰竭,症状
呼吸道狭窄,症状
呼吸道阻塞,症状
呼吸音减弱,症状
咬嘴唇或舌,症状
咬痛,症状
咯暗红色血,症状
咯棕红色血,症状
咯粉红色血,症状
咯血,症状
咯血伴呛咳,症状
咯血伴有皮肤粘膜出血,症状
咯血伴胸痛,症状
咯血伴黄疸,症状
咯血如注,症状
咯铁锈色血,症状
咯鲜血,症状
咳出棕色痰栓,症状
咳嗽,症状
咳嗽伴体重减轻,症状
咳嗽伴呼吸困难,症状
咳嗽伴哮鸣音,症状
咳嗽伴胸痛,症状
咳嗽性晕厥,症状
咳嗽痰多,症状
咳声嘶哑,症状
咳痰,症状
咳血,症状
咳铁锈色痰,症状
咽反射消失,症状
咽喉不利,症状
咽喉干燥充血,症状
咽喉干燥及灼热感,症状
咽喉炎,症状
咽喉疼痛,症状
咽喉部充血,症状
咽喉部干燥刺痒,症状
咽干烘热,症状
咽异感症,症状
咽炎舌炎龈炎,症状
咽痛,症状
咽痛声哑,症状
咽部异物感,症状
咽部有异物感,症状
咽部溃疡,症状
咽部灼热疼痛,症状
咽颊部烧伤,症状
咽鼓管堵塞,症状
哮鸣音,症状
唇甲色淡,症状
唇肿,症状
唇部发绀,症状
唇风,症状
啤酒肚,症状
啰音,症状
善太息,症状
善悲,症状
喉咙痒,症状
喉咙痛,症状
喉头发紧,症状
喉头水肿,症状
喉头痉挛,症状
喉痒,症状
喉痒咳嗽,症状
喉部淋巴滤泡增生,症状
喉部痉挛,症状
喉鸣声,症状
喘息,症状
喘脱,症状
喝酒后呕吐,症状
嗅觉丧失,症状
嗅觉倒错,症状
嗅觉障碍,症状
嗜睡,症状
嗜酸性粒细胞增多,症状
嗳腐,症状
嘴唇肿,症状
嘴角降肌发育不良,症状
噎痛感,症状
器质性弱视,症状
器质性早泄,症状
器质性神经损害,症状
囊肿,症状
囊肿样改变,症状
四叠体受压,症状
四支怠惰,症状
四肢俱软,症状
四肢关节如折,症状
四肢发冷,症状
四肢抽搐,症状
四肢无力,症状
四肢电击感,症状
四肢酸痛无力,症状
四肢麻木,症状
四音心律,症状
回吸性涕血,症状
回经,症状
囟门跳动,症状
围产期心肌,症状
垂体性侏儒症,症状
声门水肿,症状
声音嘶哑,症状
复杂性尿路感染,症状
复视,症状
夏科氏三联征,症状
外周血管减少,症状
外寒内热,症状
外斜a征,症状
外眼源性眩晕,症状
外耳道疼痛,症状
外貌苍老,症状
外阴溃疡,症状
外阴痛,症状
外阴瘙痒,症状
外阴萎缩,症状
外阴起疙瘩,症状
外阴鳞状上皮疣状增生,症状
多囊卵巢,症状
多尿,症状
多形红斑样皮疹,症状
多指趾畸形,症状
多梦,症状
多汗恶风,症状
多汗症,症状
多空乳头溢液,症状
多音律心音,症状
多饮,症状
夜盲,症状
夜间咳嗽,症状
夜间盗汗,症状
夜间睡眠气短憋醒,症状
夜间磨牙,症状
大三阳,症状
大便变形,症状
大便变细,症状
大便变细形似铅笔,症状
大便呈褐色,症状
大便呈青黑色,症状
大便失禁,症状
大便干结呈算盘珠状,症状
大便憋不住,症状
大便成颗粒,症状
大便扁平,症状
大便溏泄,症状
大便粘腻,症状
大便脓血,症状
大便艰难,症状
大便色深,症状
大便酸臭,症状
大便频繁,症状
大便黑绿色,症状
大便黑色粘稠,症状
大咯血,症状
大块软组织撕脱,症状
大小便失禁,症状
大小便潴留,症状
大笑现象,症状
大肠湿热壮热,症状
大脑发育障碍,症状
大腿内侧红斑,症状
大腿刺痛,症状
大腿外侧痛,症状
大腿毛细血管明显,症状
大腿疼痛,症状
大腿肌肉萎缩,症状
大腿酸痛,症状
大量咯血,症状
大量皮肤脱屑,症状
大量胸水,症状
失水,症状
失眠,症状
失眠头痛,症状
失血过多后贫血,症状
失音,症状
头发枯黄稀疏,症状
头或颈部发胀及跳动感,症状
头昏,症状
头昏想睡觉,症状
头昏眼花,症状
头昏脑胀四肢无力,症状
头晕,症状
头晕目眩,症状
头痛,症状
头痛头晕,症状
头痛并呕吐,症状
头皮痒,症状
头胀,症状
头胀痛,症状
头重如裹,症状
头颅向上生长呈塔形,症状
头颅增大,症状
头颅骨病变,症状
夹层血肿,症状
奔豚气,症状
奔马律,症状
女性不孕,症状
女性乳房表浅质硬状如象皮者的皮下结节,症状
女性型肥胖,症状
女性小腹疼痛,症状
女性性器官反应缺乏,症状
女性腰痛,症状
妇人腹痛,症状
妊娠中毒,症状
妊娠后期水肿,症状
妊娠时持续性腹痛或腰酸腰痛,症状
妊娠期胸痛,症状
妊娠期间小便不通,症状
妊娠期间甲亢,症状
妊娠期高血压,症状
妊娠痒疹,症状
妊娠蛋白尿,症状
妊娠高血压征,症状
婴儿斜视,症状
婴儿步行晚,症状
婴儿痉挛症,症状
婴儿臀部红,症状
婴儿说话晚,症状
子宫下垂,症状
子宫内膜异位,症状
子宫出血,症状
子宫压痛,症状
子宫小,症状
子宫收缩不良,症状
子宫松弛,症状
子宫移位,症状
孕中期腹痛,症状
孕妇全身性水肿,症状
孕妇发烧,症状
孕妇小腹痛,症状
孕妇尿频,症状
孕妇拉肚子,症状
孕妇非妊娠原因的腹痛,症状
孕早期腹痛,症状
室间隔缺损,症状
宫缩乏力,症状
宫腔积脓,症状
宫颈举痛,症状
宫颈充血,症状
宫颈前唇水肿,症状
宫颈水肿,症状
宫颈粘连,症状
宫颈肥大,症状
宫颈软,症状
容貌逐渐变得粗笨,症状
寒冷刺激下皮损表面出现皱缩,症状
寒战,症状
寰枢脱位,症状
对侧肢体偏瘫,症状
对光反应消失,症状
对称性胸痛,症状
射精疼,症状
小三阳,症状
小便不利,症状
小便不易排空,症状
小便刺痛,症状
小便淋漓,症状
小便清长,症状
小便短赤,症状
小儿前囟凹陷,症状
小儿剧烈咳嗽,症状
小儿咳嗽,症状
小儿嘴角溃疡,症状
小儿尿血,症状
小儿干咳,症状
小儿湿疹,症状
小儿生理性贫血,症状
小儿疳积,症状
小儿臀部瘙痒,症状
小儿进食易呕吐,症状
小儿青盲,症状
小儿面部皮疹,症状
小儿鼻塞,症状
小支气管粘膜水肿,症状
小眼球,症状
小肠内的低ph,症状
小肠损伤,症状
小脑体征,症状
小脑出血,症状
小脑性共济失调,症状
小脑视网膜综合征,症状
小腹冷痛,症状
小腿乏力,症状
小腿内侧感觉丧失,症状
小腿酸痛,症状
小血管纤维性坏死,症状
少阴虚寒,症状
尿不尽,症状
尿中雌激素增高,症状
尿内出现蛋白及管型,症状
尿分叉,症状
尿外渗,症状
尿失禁,症状
尿失禁与遗尿,症状
尿妊娠试验阳性,症状
尿少,症状
尿常规异常,症状
尿急,症状
尿无力,症状
尿泡沫,症状
尿流中断,症状
尿流变细或中断,症状
尿流呈波动状,症状
尿流缓慢,症状
尿涩,症状
尿液中有稠厚胶样物,症状
尿液异味,症状
尿液有油,症状
尿痛,症状
尿瘘,症状
尿糖,症状
尿胆原增加,症状
尿蛋白,症状
尿血,症状
尿赤,症状
尿路结石,症状
尿道内虫咬感或阴道内虫爬感,症状
尿道变粗变硬,症状
尿道口出现结节状或红色的出血性肿物,症状
尿道口有红斑和水肿,症状
尿道局部肿胀,症状
尿道弥漫性浸润,症状
尿道流出分泌物,症状
尿道流血,症状
尿道瘘,症状
尿道的条索状肿块,症状
尿道结石,症状
尿道结节,症状
尿酸代谢亢进,症状
尿酸化异常,症状
尿酸结晶,症状
尿钙增多,症状
尿闭,症状
尿频,症状
尿频伴尿急和尿痛,症状
尿黄似浓茶,症状
局灶症状,症状
局部压痛,症状
局部头痛,症状
局部游走性红斑,症状
局部灼热,症状
局限性肾坏死,症状
屈伸不利,症状
屈光不正性弱视,症状
屈光参差性弱视,症状
左上腹痛,症状
左下腹压痛,症状
左下腹痛,症状
左右腰腹痛,症状
左心室肥厚,症状
左胸痛,症状
左腹痛,症状
巩膜水肿,症状
巩膜黄染,症状
巴布征阳性,症状
巴彬斯奇试验阳性,症状
带状疱疹,症状
带状疱疹样外观,症状
带脉不利腰如绳束,症状
干咳,症状
干咳连声伴喉痒,症状
干性咳嗽,症状
干性坏疽,症状
干眼症,症状
干胁痛,症状
平卧呼吸困难,症状
平滑肌痉挛,症状
平衡功能障碍,症状
年轻女性心悸胸闷,症状
并发高血压,症状
幻觉,症状
幽门瘢痕性狭窄,症状
幽门管溃疡,症状
幽门肌肥大,症状
幽门肿块,症状
广泛红斑浸润损害伴有脱屑,症状
废用性弱视,症状
异位妊娠,症状
异位钙化,症状
异型网织细胞,症状
异常矮小,症状
异常高大,症状
弓形体感染,症状
张口呼吸,症状
弥漫性下腰痛,症状
弥漫性脂肪变性,症状
弥漫性腹部骨化,症状
弥漫性血管角化,症状
弦脉,症状
弯腰时腰痛,症状
强制性哭笑,症状
强迫行为,症状
强迫观念,症状
循环衰竭,症状
微循环灌注不良,症状
微循环障碍,症状
微血栓形成,症状
微血管溶血性贫血,症状
微量元素缺少,症状
心前区疼痛,症状
心力衰竭,症状
心动过缓,症状
心动过速,症状
心包内出血,症状
心包压塞,症状
心包炎,症状
心包破损伤,症状
心包积液,症状
心包纤维增厚,症状
心包转移,症状
心口灼热痛,症状
心尖部第1心音亢进,症状
心律失常,症状
心悸,症状
心悸伴乏力面色苍白,症状
心慌,症状
心排血量减少,症状
心搏漏跳,症状
心源性呼吸困难,症状
心源性呼吸窘迫,症状
心源性晕厥,症状
心源性水肿,症状
心源性胸痛,症状
心火,症状
心率不齐,症状
心率过缓,症状
心理年龄大于生理年龄,症状
心电图异常,症状
心窝部隐痛,症状
心绞痛,症状
心肌劳损,症状
心肌灰白而松弛,症状
心肌缺氧,症状
心肌缺血,症状
心肌肥厚,症状
心肌脓肿,症状
心肌营养障碍,症状
心肌顿抑,症状
心肺栓塞,症状
心肾阳虚,症状
心胃的奇怪感觉,症状
心脏主动脉瓣返流,症状
心脏僵硬,症状
心脏压塞征象,症状
心脏增大,症状
心脏左室舒张功能减退,症状
心脏扩大,症状
心脏杂音,症状
心脏畸形,症状
心脏病引发的晕厥,症状
心脏转移,症状
心脏震颤,症状
心脑供血不足,症状
心脑血管意外,症状
心血少,症状
心血管堵塞,症状
心跳过速,症状
心音及脉搏消失,症状
心音异常,症状
心音遥远,症状
怀孕时子宫异常增大,症状
急性呼吸窘迫综合征,症状
急性尿潴留,症状
急性房颤,症状
急性溶血性尿毒综合征,症状
急性病容,症状
急性肠扭转,症状
急性肾衰竭,症状
急性胃痛,症状
急性腹痛,症状
急性贫血,症状
急性阴道感染,症状
急腹症,症状
性发育慢,症状
性感不快,症状
性早熟,症状
性欲减退,症状
总胆红素高,症状
息肉,症状
恶便臭,症状
恶寒,症状
恶寒伴口燥咽干,症状
恶心,症状
恶心与呕吐,症状
恶性胸水,症状
恶性贫血,症状
恶性近视,症状
恶性高热,症状
恶病质,症状
情绪不宁,症状
情绪性厌食,症状
情绪性哮喘,症状
情绪性失眠,症状
情绪性疲劳,症状
情绪性胃痛,症状
情绪性腹痛,症状
情绪性高血压,症状
惊厥,症状
意识丧失,症状
意识模糊,症状
意识障碍,症状
感染性发热,症状
感染性脾肿大,症状
感染性鼻炎,症状
感染诱发昏迷,症状
感觉性共济失调,症状
感觉性共济失调步态,症状
感觉迟钝,症状
感觉障碍,症状
慌张步态,症状
慢性咳嗽,症状
慢性头痛,症状
慢性房颤,症状
慢性湿疹样变,症状
慢性肾衰竭,症状
慢性腰痛伴下肢麻痛,症状
慢性腹痛,症状
慢性贫血,症状
憋气,症状
懒胆囊,症状
成年人二便失禁,症状
成骨不全,症状
房室分离,症状
房性心律,症状
房间隔缺损,症状
房颤,症状
扁平胸,症状
手凉,症状
手心热,症状
手抽筋,症状
手指不能屈伸,症状
手指关节疼,症状
手指关节骨性化,症状
手指发僵疼痛,症状
手指小关节痛肿,症状
手指扭伤,症状
手指歪斜,症状
手指痛风,症状
手指香肠型,症状
手指麻痛,症状
手掌硬性水肿,症状
手术后破伤风,症状
手热,症状
手皮肤发紫,症状
手背部皮肤发红肿胀,症状
手腕骨折,症状
手足不规则舞动,症状
手足厥冷,症状
手足厥寒,症状
手足多汗,症状
手足湿冷,症状
手足烦热,症状
手足肿胀,症状
手足蠕动,症状
手足逆冷,症状
手足部厚壁水疱,症状
手足麻木,症状
手部急性化脓性感染,症状
手震颤,症状
扑翼样震颤,症状
打喷嚏,症状
打鼾,症状
扣痛,症状
抑郁,症状
抑郁症,症状
抗hcvag阳性,症状
抬举性搏动,症状
抱癖,症状
抱轮红赤,症状
抽搐,症状
抽搐无力,症状
抽搐现象,症状
抽筋,症状
拇指内收畸形,症状
拇指征,症状
拇食中三指有放射痛,症状
拥抱反射减弱或消失,症状
持续发烧,症状
持续性下腹疼痛,症状
持续性发热,症状
持续性吞咽困难,症状
持续性咳嗽,症状
持续性尿蛋白,症状
持续性弛张热,症状
持续性肛门疼痛,症状
持续性肠绞痛,症状
持续高烧,症状
指或趾甲下裂片状出血,症状
指根部疼,症状
指甲异常,症状
指甲脱落,症状
指甲营养障碍,症状
指甲骨四联征,症状
指端出现osler结节,症状
指趾甲显现苍白痕或脱落,症状
指趾甲缺失,症状
指趾骨梗死,症状
掌跖发红,症状
掌跖多汗,症状
排便不尽感,症状
排便困难,症状
排便感,症状
排便障碍,症状
排便频率异常,症状
排尿不畅,症状
排尿困难及尿潴留,症状
排尿疼痛,症状
排尿过程中发生晕厥,症状
排尿障碍,症状
排气障碍,症状
排水样血性大便,症状
排精不畅,症状
排钾过多,症状
搏动性头痛,症状
搏动性肿块,症状
撤退性出血,症状
收缩早期喀喇音,症状
放射性疼痛,症状
斑丘疹,症状
斑疹,症状
斜视,症状
斜视性弱视,症状
新生儿两眼上翻凝视,症状
新生儿喉喘鸣,症状
新生儿嗜睡,症状
新生儿心力衰竭,症状
新生儿打嗝,症状
新生儿抽搐,症状
新生儿气促,症状
新生儿腹胀,症状
新生儿震颤,症状
新陈代谢旺盛,症状
旋转性眩晕,症状
无力,症状
无尿,症状
无明显症状,症状
无法数清每分钟脉搏次数,症状
无活动性结核病灶,症状
无痛性尿血,症状
无瘙痒无肝胆疾病的皮肤黄染,症状
无睾丸,症状
无胡须腋毛和阴毛,症状
日轻夜重的瘙痒,症状
早孕反应重,症状
早饱,症状
昏迷,症状
易昏厥,症状
易激动,症状
易疲乏,症状
晕厥,症状
晚发月经,症状
晨僵,症状
晨起呕吐,症状
晨起颈部疼痛,症状
晶状体青光眼斑,症状
智力减低,症状
智力发育迟缓,症状
智能减退,症状
智能障碍,症状
暴力作用后腹痛,症状
暴发性痛,症状
暴盲,症状
暴饮暴食,症状
曲率性近视,症状
更年期功血,症状
更年期肥胖,症状
月经不调,症状
月经前水肿,症状
月经周期改变,症状
月经失调,症状
月经血块过多,症状
月经量多,症状
望诊无明显心前区搏动,症状
术后发热,症状
术后疼痛,症状
术后腹胀,症状
杵状指趾,症状
松果体区占位病变,症状
极重度精神发育迟滞,症状
构音不清,症状
构音障碍,症状
柏油便,症状
树胶肿,症状
根性坐骨神经痛,症状
桶状胸,症状
梅毒性脱发,症状
梅毒恐怖,症状
梅毒感染,症状
梅毒肝,症状
梗阻性尿潴留,症状
梦幻觉,症状
梦遗滑泄,症状
椎体结核,症状
步态异常,症状
死精子过多,症状
死胎,症状
毒性结节性甲状腺肿,症状
毒性表现,症状
毒热粉刺,症状
毕脱斑,症状
毛发呈脱发祥,症状
毛发增多,症状
毛发增生,症状
毛发干燥易断,症状
毛发异常,症状
毛发稀少,症状
毛发脱落,症状
毛发色淡而呈棕色,症状
毛囊角栓,症状
毛根松动,症状
毛细血管扩张症,症状
气体弥散障碍,症状
气喘,症状
气急,症状
气急喘盛,症状
气息异常,症状
气机不畅,症状
气短,症状
气管受压,症状
气管移位,症状
气管间隙形成肿块,症状
气胸,症状
气血凝滞,症状
气血虚弱,症状
气逆,症状
气道变窄,症状
气阴欲脱,症状
氨基酸尿症,症状
氮质血症,症状
水平掌褶纹通贯手,症状
水样白带,症状
水气胸,症状
水湿不运,症状
水痘样皮疹,症状
水肿,症状
水肿伴呼吸困难紫绀,症状
永久性秃发,症状
汗出如油,症状
汗毛过多,症状
汗腺分泌体味,症状
沉寒痼冷精液清冷,症状
沟裂增宽,症状
油腻性鳞屑,症状
泌尿道狭窄,症状
泌尿道破裂,症状
泌尿道阻塞,症状
泛发性红色斑块,症状
泡样水肿,症状
注意力缺乏多动症,症状
泪溢,症状
泪腺肿大,症状
泻物清稀如米泔水,症状
津液亏损,症状
津液伤亡,症状
流产,症状
流泪,症状
流涎,症状
流清涕,症状
流行性肌痛,症状
流黄鼻涕,症状
流鼻涕,症状
流鼻血,症状
浅表淋巴结肿大,症状
浅表淋巴结进行性肿大,症状
浊气壅滞,症状
浑身忽冷忽热,症状
浮肿,症状
海马硬化症,症状
消化不良,症状
消化道出血,症状
消化道狭窄,症状
消化道穿孔,症状
消瘦,症状
涕唾稠粘,症状
液气胸,症状
淀粉样蛋白沉积,症状
淋巴结结核,症状
淋巴结节,症状
淋巴阻塞,症状
淡漠型甲亢,症状
淡漠神态,症状
淤血性心衰,症状
深感觉障碍,症状
深昏迷,症状
深部性头痛,症状
混浊尿,症状
温毒厥脱,症状
湿咳,症状
湿啰音,症状
湿性体质,症状
湿热浸淫,症状
湿疣,症状
湿疹,症状
湿痒生疮,症状
溃疡,症状
溃疡外观呈菜花样,症状
溃疡疼痛,症状
溃疡穿孔或出血,症状
溃疡龛影,症状
溲赤闭涩,症状
溲黄,症状
溴疹,症状
溴磺酞排泄延迟,症状
溶血,症状
溶血性贫血,症状
溶血性黄疸,症状
溶血现象,症状
溺多而频,症状
滑脉,症状
滑膜增厚,症状
满月脸,症状
滤泡增大,症状
潮汗,症状
潮热颧红,症状
潮红潮热,症状
火郁五心烦热,症状
灰白大便,症状
灾难反应,症状
炎性损害,症状
炎性肉芽肿,症状
点头征,症状
点滴状便血,症状
点状痤疮,症状
烟酸缺乏,症状
烦渴多饮,症状
烦热,症状
烦躁不安,症状
烧伤后口渴,症状
烧伤后恶心与呕吐,症状
烧心,症状
热深厥深,症状
熊猫眼,症状
牙关紧闭,症状
牙疼,症状
牙痛,症状
牙齿异常,症状
牙龈出血,症状
牙龈深红或暗红色,症状
牙龈痛,症状
牙龈肿胀,症状
牵涉性头痛,症状
特发性水肿,症状
特征性趾端大片状脱皮,症状
狭窄杂音,症状
猝死,症状
猩红热样皮疹,症状
环咽部运动障碍,症状
球蛋白异常,症状
瓣膜增厚,症状
生命体征改变,症状
生殖器外伤,症状
生长激素分泌过多,症状
生长缓慢,症状
用口探索物体,症状
用药过程中出现胃部症状,症状
甲亢危象,症状
甲亢面容,症状
甲状腺扪及光滑坚实的椭圆形结节,症状
甲状腺肿,症状
甲状腺肿大,症状
电击样剧痛,症状
男子性功能障碍,症状
男性不育,症状
男性乳房大,症状
男性小腹痛,症状
畏光,症状
畏光及流泪,症状
畏光流泪,症状
畏寒,症状
疥疮,症状
疱疹,症状
疲乏,症状
疲劳,症状
疳眼,症状
疼痛,症状
疼痛性股白肿,症状
疼痛性股青肿,症状
病后失调疳积,症状
病理性听觉适应,症状
病理性神经损伤,症状
病理性脱发,症状
病理性近视,症状
病理性黄疸,症状
痉挛性偏瘫步态,症状
痉挛性咳嗽,症状
痉挛性截瘫期,症状
痔块脱垂,症状
痘印,症状
痛经,症状
痛阈降低,症状
痢下赤白粘冻,症状
痢疾样大便,症状
痤疮样皮疹,症状
痰中带血丝,症状
痰多,症状
痰湿体质,症状
痰湿停聚,症状
痰火上壅清窍,症状
痰鸣气急,症状
痰鸣音,症状
痴呆,症状
痹痛肩不举,症状
瘀斑,症状
瘀肿,症状
瘀血,症状
瘀血积聚,症状
瘙痒,症状
瘟暑,症状
瘤体牵拉,症状
瘫痪,症状
癌性发热,症状
癌性腹水,症状
癌症晚期胃肠道症状,症状
癔症步态,症状
癫痫伴发的神经症,症状
癫痫发作,症状
癫痫和癫痫样发作,症状
癫痫小发作,症状
癫痫性头痛,症状
癫痫的全身强直阵挛发作,症状
癫痫的复杂部分性发作,症状
癫痫的失神发作,症状
白中发青,症状
白喉假膜形成,症状
白大衣高血压,症状
白天嗜睡夜间失眠,症状
白头粉刺,症状
白带,症状
白带呈黄绿色,症状
白带呈鼻涕状,症状
白带增多,症状
白带异味,症状
白带异常,症状
白带稀少,症状
白斑,症状
白晕,症状
白痰,症状
白睛红赤,症状
白睛鱼胞,症状
白色念珠菌感染,症状
白色视野缺损,症状
百日咳,症状
皖腹痞闷,症状
皮下结节,症状
皮下脂肪增多,症状
皮下脂肪消失,症状
皮温降低,症状
皮炎,症状
皮肤不仁,症状
皮肤冷而苍白粘腻,症状
皮肤发黑瘙痒,症状
皮肤变硬,症状
皮肤呈黄绿或绿褐色,症状
皮肤和软组织感染,症状
皮肤坏死,症状
皮肤干枯,症状
皮肤干燥,症状
皮肤弥漫性红肿,症状
皮肤搔痒,症状
皮肤撕脱伤,症状
皮肤无光泽,症状
皮肤有压痕,症状
皮肤有瘙痒抓痕,症状
皮肤浸润,症状
皮肤温度升高,症状
皮肤湿冷,症状
皮肤疖痈,症状
皮肤痛,症状
皮肤痣,症状
皮肤瘀斑,症状
皮肤瘙痒,症状
皮肤硬化,症状
皮肤粗糙,症状
皮肤紫纹,症状
皮肤苍白,症状
皮肤萎缩和色素沉着,症状
皮肤触痛,症状
皮肤转移,症状
皮肤青紫色改变,症状
皮肤黏膜出血,症状
皮肤黏膜苍白,症状
皮膨胀如鼓,症状
皮质素不足,症状
皮质胶质增生,症状
皮质醇增多,症状
皮面上针头大小瘙痒点,症状
盆腔下垂感,症状
盆腔包块,症状
盆腔坠痛,症状
盆腔沉重感,症状
盆腔瘀血,症状
盆腔积液,症状
盆腔肿块,症状
盆腔脊膜膨出,症状
盘状红斑,症状
目光呆滞,症状
目垢增多,症状
目痛,症状
目赤,症状
盲点,症状
直肠与肛门狭窄,症状
直肠疼痛,症状
直肠脱垂,症状
直肠重复畸形,症状
眉毛外侧脱落稀疏而细,症状
真性近视,症状
真菌感染,症状
眩晕,症状
眩闷口眼偏斜,症状
眼充血,症状
眼内有异物感,症状
眼前冒金花,症状
眼前发黑,症状
眼压升高,症状
眼干,症状
眼干涩酸胀易疲劳,症状
眼底发现黄斑呈带灰色变色,症状
眼底改变,症状
眼底黄斑部的樱桃红斑点,症状
眼晶体前房棕色光反射,症状
眼球不能随意动,症状
眼球内斜,症状
眼球内积脓而失明,症状
眼球内陷,症状
眼球穿孔,症状
眼球突出,症状
眼球震颤,症状
眼疲劳,症状
眼痛,症状
眼白蓝灰色或黑色斑点,症状
眼皮下垂,症状
眼皮跳,症状
眼眶疼痛,症状
眼眶缩小,症状
眼睑浮肿,症状
眼睑畸形,症状
眼睑瘙痒,症状
眼睑肥厚,症状
眼睑脓肿,症状
眼睑闭合障碍,症状
眼睑震颤,症状
眼睛刺痛,症状
眼睛发红,症状
眼睛痒,症状
眼结膜水肿及角膜溃疡,症状
眼肌瘫痪,症状
眼肌麻痹,症状
眼胀,症状
眼花,症状
眼裂歪斜,症状
眼角膜反射消失,症状
眼部胀痛,症状
眼面痛,症状
睁眼困难,症状
睡眠呼吸暂停,症状
睡眠型癫痫发作,症状
睡眠时睑闭合不全,症状
睡眠障碍,症状
睡眠麻痹,症状
睡觉后全身大汗淋漓,症状
睡觉时突然抽搐一下,症状
睾丸发育不全,症状
睾丸受浸润,症状
睾丸增大和变硬,症状
睾丸微小,症状
睾丸疼痛,症状
睾丸胀痛,症状
睾丸萎缩,症状
睾丸触痛,症状
瞳孔变形,症状
瞳孔异常,症状
短暂性失眠,症状
短暂性晕厥,症状
短暂性眩晕,症状
短暂性胸痛,症状
短期失眠,症状
硒缺乏,症状
硬下疳,症状
硬化,症状
硬斑,症状
磨牙,症状
磷烧伤合并中毒,症状
神志不清,症状
神志昏蒙,症状
神志淡漠,症状
神昏气促,症状
神经失用,症状
神经官能症状,症状
神经性呕吐,症状
神经性头痛,症状
神经性尿频,症状
神经性耳聋,症状
神经性耳鸣,症状
神经性胃痛,症状
神经症性反应,症状
神经痛,症状
神经纤维过度生长,症状
神经衰弱综合征,症状
稀便,症状
稽留流产,症状
稽留热,症状
空洞形成,症状
突发无痛的局部水肿,症状
突发的右侧心衰,症状
突眼症,症状
窒息,症状
立卧心率差数,症状
策玛克赫林试验阳性,症状
管型尿,症状
管型蛋白尿,症状
类似荨麻疹的皮肤潮红斑块,症状
类风湿关节炎,症状
粘膜疹,症状
粘膜萎缩,症状
粟粒样脓头,症状
粪便脓血,症状
粪便量多,症状
精子凝集,症状
精子大头畸形,症状
精子存活率低,症状
精子异常,症状
精子活力低,症状
精子稀少,症状
精枯髓竭,症状
精液少,症状
精液带血,症状
精液稠,症状
精神障碍,症状
精血受扰,症状
糖尿,症状
糖尿病足部病变,症状
糖类皮质激素分泌过多,症状
紧张,症状
紧脉,症状
紫斑,症状
紫癜,症状
紫绀,症状
紫绀和血缺氧,症状
累及整个腹腔的腹膜炎,症状
红斑样皮疹,症状
红斑结节,症状
红斑边界清楚高出皮肤,症状
红斑鳞屑,症状
红晕,症状
红眼,症状
红细胞分布宽度偏低,症状
红细胞压积偏高,症状
红细胞呈钱串状,症状
红细胞增多高粘滞度,症状
红细胞寿命缩短,症状
红肿奇痒,症状
红色或紫色稍高起的丘疹或结节,症状
红色盲,症状
红视,症状
红赤面,症状
红鼻头,症状
纤毛清除功能障碍,症状
纤毛结构缺陷,症状
纳差,症状
纵膈气肿,症状
纵隔病变,症状
纵隔纤维化,症状
细菌感染,症状
经常口渴,症状
经常说梦话,症状
经期后小腹坠痛,症状
结核中毒,症状
结痂,症状
结石,症状
结缔组织性外痔,症状
结肠性便秘,症状
结肠息肉,症状
结肠梗阻,症状
结膜充血,症状
结节,症状
绞窄性肠梗阻,症状
继发性不孕,症状
继发性失眠,症状
继发性癫痫,症状
继发性视神经萎缩,症状
继发感染,症状
维生素d中毒,症状
维生素缺乏,症状
绷急疼痛,症状
绿色尿,症状
绿色盲,症状
绿视,症状
绿风内障,症状
缺氧缺血性神经损伤,症状
网状青斑,症状
羞明,症状
老年人高粘血症,症状
老年大便失禁,症状
老年性眩晕,症状
耳内发胀,症状
耳内流脓,症状
耳内疼痛,症状
耳内闭塞感,症状
耳前庭失衡,症状
耳后疼痛,症状
耳廓撕裂伤,症状
耳廓牵拉疼,症状
耳廓红肿,症状
耳朵位置低,症状
耳根部疼痛,症状
耳流脓,症状
耳源性眩晕,症状
耳源性破伤风,症状
耳溢液,症状
耳痒,症状
耳痛,症状
耳硬化症,症状
耳窍壅肿,症状
耳聋,症状
耳胀闷,症状
耳蜗性耳聋,症状
耳部肿物,症状
耳闷,症状
耳鸣,症状
耳鸣如潮,症状
耻骨上痛,症状
联合瓣膜脱垂,症状
联想障碍,症状
肉芽肿,症状
肋间神经痛,症状
肋骨椎体区触痛,症状
肋骨融合,症状
肌张力减低,症状
肌性肌无力,症状
肌红蛋白偏高,症状
肌纤维大小不等,症状
肌肉压痛,症状
肌肉发育不良,症状
肌肉完全断裂,症状
肌肉萎缩,症状
肌肉跳动,症状
肌肉酸痛,症状
肌腱端炎,症状
肌衄,症状
肘关节疼痛,症状
肘痛,症状
肘管综合征,症状
肛乳头肥大,症状
肛周皮肤有湿疹,症状
肛周皮肤潮红,症状
肛旁脓肿,症状
肛门剧痛,症状
肛门坠胀,症状
肛门括约肌松弛,症状
肛门疼痛,症状
肛门瘙痒,症状
肝内管梗阻,症状
肝内钙化,症状
肝功能受损,症状
肝功能异常,症状
肝区痛,症状
肝叶萎缩,症状
肝大而硬,症状
肝掌,症状
肝昏迷,症状
肝星状细胞增生,症状
肝气不足,症状
肝气犯胃,症状
肝气犯脾,症状
肝气郁结肛门重坠,症状
肝淤血,症状
肝源性腹水,症状
肝火,症状
肝火犯肺鼻衄,症状
肝炎导致的化脓结痂,症状
肝癖,症状
肝积水,症状
肝纤维化,症状
肝经风热小儿青盲,症状
肝结节,症状
肝缩小,症状
肝肾不足小儿青盲,症状
肝肾亏虚四肢强直,症状
肝肾阴虚性交出血,症状
肝肾阴虚阴痛,症状
肝肿大,症状
肝胆湿热尿血,症状
肝脏病变弥漫,症状
肝脏肿大,症状
肝脏轻度脂肪变性,症状
肝脾肿大,症状
肝腹水,症状
肝衰竭,症状
肝被膜紧张,症状
肝质地硬,症状
肝转移,症状
肝郁化火,症状
肝郁气滞,症状
肝郁气滞尿痛,症状
肝郁血虚四肢抽搐,症状
肝部疼痛,症状
肝阴虚,症状
肝风舌麻,症状
肠出血,症状
肠外结核,症状
肠气囊肿,症状
肠管出血,症状
肠粘连,症状
肠结核,症状
肠胃气滞脐腹痛,症状
肠胃湿热肠鸣,症状
肠道张力减低,症状
肠鸣,症状
肠鸣欲便,症状
肠鸣音减弱,症状
肠鸣音消失,症状
肢体的非凹性水肿,症状
肢体肿胀,症状
肢体运动不协调,症状
肢体重困,症状
肢端硬化,症状
肥大结节纤维组织增生,症状
肥胖性低通气综合征,症状
肩关节活动受限,症状
肩关节痛,症状
肩周酸痛不适,症状
肩痛,症状
肩背痛,症状
肩背颈项痛,症状
肩胛带和上肢疼痛,症状
肩膀酸疼,症状
肩部劳损,症状
肺不张,症状
肺内病变,症状
肺内空洞,症状
肺功能失常,症状
肺动脉闭锁,症状
肺动静脉瘘,症状
肺化脓,症状
肺受累,症状
肺含水量增加,症状
肺实变,症状
肺气虚寒喷嚏,症状
肺气虚寒遗尿,症状
肺泡炎症,症状
肺泡破裂,症状
肺淤血,症状
肺源性呼吸困难,症状
肺燥喉痒,症状
肺癌胸水,症状
肺积水,症状
肺纤维化,症状
肺纹理减少,症状
肺经郁热鼻塞,症状
肺肾阴虚声音嘶哑,症状
肺肾阴虚鼻塞,症状
肺胃热盛咽肿,症状
肺胃虚弱乳蛾,症状
肺脾气虚小便失禁,症状
肺过度充气,症状
肺部出血,症状
肺部化脓性感染,症状
肺部小结节,症状
肺部感染,症状
肺部疼痛,症状
肺部肿块,症状
肺阴虚,症状
肾上腺中毒,症状
肾上腺增生,症状
肾上腺皮质功能亢进,症状
肾上腺转移,症状
肾功能衰竭,症状
肾动脉硬化,症状
肾包膜过度膨胀,症状
肾区压痛,症状
肾区叩击痛,症状
肾区钝痛,症状
肾性骨质软化,症状
肾损害,症状
肾气虚,症状
肾源性水肿,症状
肾火旺,症状
肾病性浮肿面容,症状
肾病综合征,症状
肾痛,症状
肾盂扩张,症状
肾盂积水,症状
肾结晶,症状
肾血管畸形,症状
肾衰竭,症状
肾部积水现象,症状
肾阳虚,症状
肾阴虚,症状
肾阴阳两虚,症状
肿瘤性脱发,症状
胀痛,症状
胃内压增加,症状
胃内有异物,症状
胃壁僵硬,症状
胃失和降,症状
胃寒疼痛,症状
胃慢性出血,症状
胃扩张,症状
胃气上逆,症状
胃气虚,症状
胃火,症状
胃热疼痛,症状
胃痉挛,症状
胃痛,症状
胃粘膜充血,症状
胃粘膜呈萎缩性改变,症状
胃粘膜损伤,症状
胃糜烂,症状
胃纳减退,症状
胃肠功能不良,症状
胃肠气胀,症状
胃肠道出血,症状
胃肠道功能不好,症状
胃肠道淤血,症状
胃肠道症状,症状
胃肠道胀气,症状
胃胀,症状
胃脘不适,症状
胃脘饱胀,症状
胃虚气逆,症状
胃部瘢痕,症状
胃部隐痛,症状
胃酸过多,症状
胃食管反流症状,症状
胃黏膜充血水肿,症状
胆囊增大,症状
胆囊壁毛糙,症状
胆囊壁纤维化,症状
胆囊扣痛,症状
胆囊积脓,症状
胆囊触痛征,症状
胆汁性肝硬化,症状
胆汁性腹水,症状
胆汁潴留,症状
胆管梗阻,症状
胆红素升高,症状
胆结石,症状
胆绞痛,症状
胆道损伤,症状
胆道梗阻,症状
胆道蛔虫症,症状
背心冷,症状
背痛,症状
背胀,症状
背部寒,症状
背部疼痛,症状
胎儿宫内骨折,症状
胎儿肾盂分离,症状
胎样心音,症状
胎痔,症状
胎痣,症状
胎黄,症状
胞内生肉,症状
胞宫瘀血经行发热,症状
胞宫纳精无力,症状
胞宫血瘀经行腹痛,症状
胯骨痛,症状
胰岛细胞破坏,症状
胰源性腹痛,症状
胰石阻塞,症状
胰腺内钙化,症状
胰酶分泌或排出量降低,症状
胳膊疼痛,症状
胸廓异常,症状
胸廓畸形,症状
胸椎畸形,症状
胸椎疼痛,症状
胸段或腰段脊髓伤,症状
胸水,症状
胸片示肺内孤立结节,症状
胸痛,症状
胸痛伴胸闷心悸,症状
胸背痛,症状
胸腔疼痛,症状
胸腔积液,症状
胸腰驼背,症状
胸膜增厚,症状
胸膜摩擦音,症状
胸膜转移,症状
胸膺胀满,症状
胸部隐痛,症状
胸闷,症状
胸闷憋气,症状
胸骨下端压痛,症状
胸骨压痛,症状
胸骨后烧灼样痛,症状
胸骨后疼痛,症状
胸骨隆凸,症状
胼胝体发育不良,症状
脂肪浸润,症状
脂肪瘤,症状
脂肪过多,症状
脂质沉积症,症状
脉压增宽,症状
脉压小,症状
脉搏快而弱,症状
脉搏短绌,症状
脉搏脱漏,症状
脉数,症状
脉来弦象,症状
脉沉弦,症状
脉浮紧,症状
脉涩或结,症状
脉濡弱,症状
脉细欲绝,症状
脉络暴露,症状
脉络膜凹陷,症状
脉象疾而无力,症状
脉象细数,症状
脊柱后突,症状
脊柱和四肢畸形,症状
脊柱弯曲,症状
脊柱破坏,症状
脊髓丘脑束受压,症状
脊髓休克,症状
脊髓梗死,症状
脊髓马尾受累,症状
脏器衰竭,症状
脐周明显红肿变硬,症状
脐周疼痛,症状
脐周脓性分泌物较多,症状
脐周阵发性绞痛,症状
脐湿,症状
脐突,症状
脐轮红肿,症状
脐部有一半球形肿块,症状
脑功能不全,症状
脑发育缓慢,症状
脑器质性精神障碍,症状
脑室出血,症状
脑室受压移位,症状
脑干出血,症状
脑干病变,症状
脑桥小脑角综合征,症状
脑沟变宽,症状
脑炎样改变,症状
脑神经麻痹,症状
脑积水,症状
脑细胞出现营养不良性蜕变,症状
脑缺氧,症状
脑缺血灶,症状
脑脊液白细胞增加,症状
脑脓肿,症状
脑膜刺激征,症状
脑膜增厚,症状
脑膜炎,症状
脓包,症状
脓尿,症状
脓性分泌物,症状
脓性分泌物增多,症状
脓气胸,症状
脓疱,症状
脓疱性痤疮,症状
脓痰,症状
脓血便,症状
脓血性白带,症状
脘痞,症状
脘痞腹胀,症状
脚趾关节痛,症状
脚趾痛风,症状
脱发,症状
脱屑,症状
脱水,症状
脱水热,症状
脸部汗毛明显,症状
脸部疼痛,症状
脾大,症状
脾气变坏,症状
脾气虚,症状
脾肾阳虚,症状
脾肿大,症状
脾胃俱戕,症状
脾胃湿热,症状
脾胃虚寒,症状
脾胃虚弱,症状
脾虚,症状
脾阳虚,症状
腋下淋巴肿大,症状
腋区疼痛,症状
腋毛和阴毛脱落,症状
腋窝多汗,症状
腋窝痛,症状
腕征,症状
腕管综合征,症状
腘动脉搏动减弱或消失,症状
腭部穿孔,症状
腮腺区肿大,症状
腮腺肿胀,症状
腰大肌肿胀,症状
腰椎疼痛,症状
腰椎肥大,症状
腰椎退化,症状
腰椎间盘突出,症状
腰椎骶化,症状
腰肌痉挛,症状
腰背刺痛,症状
腰背痛,症状
腰背部有皮毛窦,症状
腰脊椎疼痛,症状
腰膝酸软,症状
腰部包块,症状
腰部钝痛,症状
腰酸,症状
腰骶疼痛,症状
腰骶部或下腰部疼痛,症状
腰骶部酸痛,症状
腱索断裂,症状
腹中痞块,症状
腹冷,症状
腹壁静脉怒张,症状
腹水,症状
腹泻,症状
腹满,症状
腹满便溏,症状
腹疼不食,症状
腹痛,症状
腹痛伴便血,症状
腹痛伴恶心呕吐,症状
腹痛伴腹泻,症状
腹痛伴黄疸,症状
腹痛发热及黄疸,症状
腹痛腹泻,症状
腹筋挛急,症状
腹肌紧张,症状
腹股沟疼痛,症状
腹胀,症状
腹胀呃逆,症状
腹胀嗳腐,症状
腹腔积液,症状
腹腔积血,症状
腹膜刺激征,症状
腹部不适,症状
腹部刀割样痛,症状
腹部压痛,症状
腹部烧灼样痛,症状
腹部牵扯痛,症状
腹部硬满,症状
腹部绞痛,症状
腹部肿块,症状
腹部胀痛,症状
腹部逐渐胀大,症状
腹部钝痛,症状
腹部钻顶样疼痛,症状
腹部隐痛,症状
腿痛,症状
膀胱刺激征,症状
膀胱刺激症,症状
膀胱容量的减少,症状
膀胱排空不全,症状
膀胱湿热,症状
膀胱湿热小便黄赤,症状
膀胱湿热小儿尿频,症状
膀胱湿热尿后余沥,症状
膀胱湿热尿血,症状
膀胱结石,症状
膀胱膨胀,症状
膀胱膨隆,症状
膀胱蓄热小便失禁,症状
膀胱阴道瘘,症状
膝关节不能完全伸直,症状
膝关节疼痛,症状
膝前疼痛,症状
膝后疼痛,症状
臂丛神经受累,症状
臂痛,症状
自发性流产,症状
自发性骨折,症状
自我残伤行为,症状
自汗肢冷,症状
臭鸭蛋性口臭,症状
臭鼻症,症状
舌下垂,症状
舌乳头增生,症状
舌咽神经痛或其他内脏病引起的晕厥,症状
舌头上有长时间不愈溃疡,症状
舌头震颤,症状
舌尖边红,症状
舌干苔厚,症状
舌红少津无苔,症状
舌肌萎缩,症状
舌苔薄白,症状
舌苔黄,症状
舌质暗红,症状
舌质红绛,症状
舒张期哈气样杂音,症状
舒张期震颤,症状
舞蹈样手足徐动,症状
舞蹈病样动作,症状
色素异常,症状
色觉丧失,症状
色觉异常,症状
色黄赤如酱,症状
节后综合症,症状
苔白而润,症状
苔黄腻,症状
药疹,症状
营养不良,症状
营养不良性水肿,症状
营养代谢缺乏,症状
营养性皮肤改变,症状
葡萄膜炎,症状
蓝巩膜,症状
蓝色视野缺损,症状
蓝黄色盲,症状
虚脱,症状
虫毒侵袭头面瘙痒,症状
虫积反胃,症状
虫积喜食异物,症状
虫积消瘦,症状
虫积白斑,症状
虹状红斑,症状
虹膜发炎,症状
虹膜根部离断,症状
虹视,症状
蚁走感,症状
蛋白尿,症状
蜂窝织炎,症状
蜂窝肺,症状
蜕膜反应,症状
蜘蛛痣,症状
蝴蝶状阴影,症状
蝶形红斑,症状
蝶鞍空泡,症状
螺旋形骨折,症状
血便,症状
血压为零,症状
血压偏低,症状
血压波动大,症状
血压高,症状
血吸虫导致的肝硬化,症状
血小板增多,症状
血小板聚集增强,症状
血尿,症状
血尿伴蛋白尿,症状
血性渗液,症状
血性耳分泌物,症状
血性胸水,症状
血性腹水,症状
血栓外痔,症状
血栓性赘生物,症状
血栓肌化,症状
血沉增快,症状
血流过度,症状
血浆白蛋白降低,症状
血液改变,症状
血清tc水平升高,症状
血清中高水平的谷草转氨酶ast,症状
血清甲胎蛋白升高,症状
血清睾酮浓度低下,症状
血清睾酮浓度明显升高,症状
血清碱性磷酸酶活性增高,症状
血清铜氧化酶吸光度降低,症状
血睾酮降低,症状
血管堵塞,症状
血管性水肿,症状
血管搏动或波形的改变,症状
血管炎,症状
血管畸形,症状
血管硬化,症状
血管舒张性虚脱,症状
血管萎缩性白斑,症状
血精,症状
血糖值升高,症状
血红蛋白尿,症状
血肿形成,症状
血脂异常,症状
血虚,症状
血虚眩运,症状
血运障碍,症状
表情淡漠,症状
表浅性食管癌,症状
表虚不固小儿多汗,症状
衰弱,症状
被迫害妄想症,症状
视乳头水肿,症状
视力常呈雾状模糊感,症状
视力视野改变,症状
视力障碍,症状
视物变小,症状
视物变形,症状
视物模糊,症状
视盘倾斜,症状
视神经乳头水肿,症状
视神经的原发性萎缩,症状
视网膜出血,症状
视网膜水肿,症状
视网膜脱离,症状
视网膜静脉纡曲怒张,症状
视觉失认,症状
视觉识别障碍性眩晕,症状
视近困难,症状
视野向心性缩小,症状
视野缩小,症状
视野缺损,症状
角膜上点状暗灰色混浊,症状
角膜反射迟钝,症状
角膜外缘有棕绿色色素环,症状
角膜混浊,症状
角膜灼伤刮伤,症状
角膜炎,症状
角膜脱落,症状
角膜色膜环,症状
触诊无肺动脉关闭感,症状
言语中断,症状
言语紊乱,症状
认知功能障碍,症状
记忆力障碍,症状
语言发育迟缓,症状
谵妄,症状
谷丙转氨酶偏高,症状
谷氨酰转肽酶偏高,症状
象限性缺损,症状
败血症,症状
贫血,症状
贫血貌,症状
赤白痢,症状
赤膜下垂,症状
超高热,症状
足心发热,症状
足部坏疽,症状
跌倒发作,症状
踝关节疼痛,症状
踝膝关节积液,症状
踝部凹陷性水肿,症状
蹲下起来后眼前发黑,症状
身痛,症状
转氨酶增高,症状
软组织感染,症状
软骨发育不良与骨骼畸形,症状
轴性近视,症状
轻度中毒,症状
轻度精神发育迟滞,症状
轻瘫,症状
输卵管肿大,症状
输尿管痉挛,症状
输精管变粗,症状
输精管疼痛,症状
边缘溃疡性角膜炎,症状
过度换气综合征,症状
过敏性皮炎,症状
过敏性血管水肿,症状
运动性忽略症,症状
近事遗忘现象,症状
近视,症状
近视弧,症状
近视散光,症状
近迫性昏迷,症状
进行性消瘦,症状
进行性痴呆,症状
进行性肉芽性溃疡坏死,症状
进行性肝缩小,症状
进行性颈部肿块,症状
进食呕吐,症状
进食异常,症状
远端胃窦产生异位节律,症状
远视屈光度数增加,症状
迫害妄想,症状
逆行性细菌感染,症状
造血功能障碍,症状
遗尿,症状
遗精,症状
遗精滑泄,症状
邪恋正虚,症状
邪毒内侵胞宫,症状
部位不定的疼痛,症状
酒后便血,症状
酩酊感,症状
重度肥胖,症状
重度贫血,症状
钙沉积,症状
钟摆征,症状
锁骨上及前斜角肌淋巴结肿大,症状
锥体外系损害,症状
锥虫性下疳,症状
长期发热,症状
长期失眠,症状
门体侧支循环,症状
门脉高压,症状
门诊高血压,症状
门静脉血流郁滞,症状
门静脉高压症,症状
闭经,症状
间歇性头晕,症状
间歇性头痛,症状
间歇性尿蛋白,症状
间歇性血尿,症状
间歇性鼻阻塞,症状
阑尾周围脓肿,症状
阑尾壁缺血坏死,症状
阑尾穿孔,症状
阳虚胃痛,症状
阴唇融合,症状
阴囊下坠,症状
阴囊冷痛,症状
阴囊坠胀痛,症状
阴囊瘙痒,症状
阴囊红肿,症状
阴囊肿大,症状
阴囊肿胀,症状
阴茎和阴囊水肿,症状
阴茎异常,症状
阴茎样尿道,症状
阴茎疼痛,症状
阴茎表浅性溃疡,症状
阴虚火亢症,症状
阴虚胃痛,症状
阴血不足,症状
阴道不规则出血,症状
阴道出血,症状
阴道持续少量流血,症状
阴道排出碎块组织,症状
阴道流血,症状
阴道流血过多,症状
阴道粘连甚至闭锁,症状
阴道转移,症状
阴部溃疡,症状
阴雨天颈肩背部酸痛,症状
阵发性或强直性惊厥,症状
阵发性瘙痒,症状
阵发性腹痛,症状
阵发性鼻塞,症状
阵挛强直型,症状
阻塞性黄疸,症状
阿罗瞳孔,症状
附睾肿大发硬,症状
陈旧性肛裂,症状
陈旧性骨折,症状
限局皮肤肥厚,症状
隐性产后出血,症状
隐球菌囊膜多糖堆积,症状
雄激素过多,症状
雄激素过少,症状
雾视,症状
震颤,症状
青光眼斑,症状
青盲,症状
静脉出血,症状
静脉曲张,症状
静脉栓塞,症状
静脉血栓,症状
非对称性胸痛,症状
非怀孕的下腹增大,症状
非血性腹水,症状
面下部头痛,症状
面具脸,症状
面容呈灰色,症状
面容憔悴早老,症状
面少血色,症状
面痛,症状
面红升火,症状
面肌及颈肌紧张,症状
面肌强直,症状
面肌抽搐,症状
面肌无力,症状
面肌萎缩,症状
面色潮红,症状
面色灰暗,症状
面色苍白,症状
面色青灰,症状
面色青紫,症状
面赤唇紫,症状
面部浮肿,症状
面部血管纤维瘤,症状
面颈部味觉性多汗,症状
面颊及上胸部充血,症状
鞘膜积水,症状
韧带骨化,症状
顽固性呃逆,症状
颅内出血,症状
颅内压增高,症状
颅内头痛,症状
颅内高压,症状
颅底畸形,症状
颅神经麻痹,症状
颅脑损伤后头痛,症状
颅面骨畸形,症状
颅骨增生,症状
颈动脉痛,症状
颈动脉硬化,症状
颈强直,症状
颈心综合症,症状
颈性头痛,症状
颈性眩晕,症状
颈椎反弓,症状
颈椎增生,症状
颈椎生理曲度变直,症状
颈椎痛,症状
颈椎肥大,症状
颈椎退化,症状
颈椎间盘突出,症状
颈椎间盘退变,症状
颈椎骨折脱位,症状
颈肩疲劳和软组织疼痛,症状
颈肩痛,症状
颈部僵硬,症状
颈部可前屈怕仰伸,症状
颈部疼痛,症状
颈部瘰疬,症状
颈部粗,症状
颈部肿瘤,症状
颈静脉怒张,症状
颌骨关节痛,症状
颌骨膨隆,症状
频吐白沫,症状
频繁吐黏液,症状
频繁性惊醒,症状
颜面充血呈樱桃红色,症状
颜面受累时褶皱加深形成狮面,症状
颜面潮红,症状
颜面的火焰状母斑,症状
额上汗出,症状
额头皱纹突然增加,症状
额部白斑,症状
颞骨隆起,症状
颧红,症状
颧红盗汗,症状
风中经络四肢麻木,症状
风团,症状
风寒五硬,症状
风寒侵犯小儿音哑,症状
风寒咳嗽,症状
风寒咽痛,症状
风寒喉痒,症状
风寒声音嘶哑,症状
风寒牙痛,症状
风寒腹泻,症状
风寒鼻塞,症状
风湿痹阻足痛,症状
风热咽痛,症状
风热喉痒,症状
风热声音嘶哑,症状
风热外侵眼皮跳,症状
风热犯肺喷嚏,症状
风热犯肺恶寒发热,症状
风热犯肺鼻痒,症状
风热蕴肤皮肤风疹,症状
风热鼻塞,症状
风热鼻流涕,症状
风痱,症状
风盛血燥,症状
食指半月甲呈粉红色,症状
食指发麻,症状
食欲下降,症状
食欲不振,症状
食欲减退,症状
食欲异常,症状
食欲缺乏,症状
食欲较差,症状
食物在胃的通过障碍,症状
食物返流至鼻腔,症状
食积口臭,症状
食积痛,症状
食管出血,症状
食管瘘,症状
餐后发作性腹痛,症状
饥饿时上腹痛,症状
饭后烧心,症状
饭后胃痛,症状
饮水呛咳,症状
饮酒性面红,症状
驼背,症状
骨代谢减低,症状
骨内损害,症状
骨刺形成,症状
骨痹,症状
骨痿少气,症状
骨的偏心性肿胀,症状
骨盆痛,症状
骨缝分开,症状
骨质疏松,症状
骨转移,症状
骨软化症,症状
骨骼表面向外突出,症状
骨髓抑制,症状
骨髓损害,症状
骨髓象改变,症状
髋关节痛,症状
髋关节积液,症状
髋膝肘部呈屈曲畸形,症状
髌骨疼痛,症状
高代谢征群,症状
高渗尿,症状
高热,症状
高热不退,症状
高热寒战,症状
高眼压,症状
高碳酸血症,症状
高粘滞综合征,症状
高耸而对称的t波,症状
高腭弓,症状
高血压,症状
高血脂性血管损害,症状
高钙血症,症状
高钠血症,症状
高钾征,症状
高颅压综合征,症状
鲜红斑痣,症状
鳞屑,症状
鹅口疮,症状
麻痹,症状
麻风恐怖,症状
黄疸,症状
黄绿稀溏,症状
黄色发亮结痂,症状
黄视,症状
黄韧带肥厚,症状
黏液便,症状
黏液分泌亢进,症状
黏液囊肿,症状
黏液脓性痰,症状
黏膜损害,症状
黑痰,症状
鼓膜发红耳后红肿,症状
鼠尾征,症状
鼻分泌物增多,症状
鼻塞,症状
鼻塞并排出脓性或血性分泌物,症状
鼻外部膨胀隆起,症状
鼻汹,症状
鼻泪管阻塞,症状
鼻流浊液,症状
鼻流涕,症状
鼻溢液,症状
鼻煽,症状
鼻痒,症状
鼻痛,症状
鼻端出火,症状
鼻粘膜肿胀,症状
鼻粘膜苍白水肿,症状
鼻肿,症状
鼻衄,症状
鼻酸,症状
鼻黏膜呈颗粒状易碎的结痂,症状
鼻黏膜溃疡,症状
齿迟,症状
齿龈出血,症状
齿龈增生,症状
龟头瘙痒,症状
